OBJECTID,Join_Count,TARGET_FID,Source,OutletID,Name,Address,Parish,PlusCode,Latitude,Longitude,Category,Healthy,BusinessOnGoogleMaps,Notes,OBJECTID_1,ID3,ENUM_NO1,PARISHNAM1,POPULATION,MALES,FEMALE,PARISH,OUTLET_Cat,Unhealthy1,Healthy1
1,1,1,Google Maps,R1,6Mix Bar + Kitchen,"Worthing Main Road, Christ Church",Christ Church,78523CCC+4W,13.070313,-59.577687,Full Service,Healthy,yes,,356,357,203,Christ Churc,310,138,172,Christ Churc,Full Service,0,0
2,1,2,Find Yello Directory,R3,Ackee Tree restaurant,"Rendezvous, Christ Church",Christ Church,78523CC9+V6,13.072188,-59.581937,Limited Service,Unhealthy,yes,,352,353,199,Christ Churc,75,32,43,Christ Churc,Limited Service,1,0
3,1,3,Find Yello Directory,R6,Apsara Restaurant Barbados Ltd,"Waverley, St. Lawrence, Christ Church",Christ Church,78523C9G+26,13.067563,-59.574438,Full Service,Healthy,yes,,354,355,201,Christ Churc,182,88,94,Christ Churc,Full Service,0,0
4,1,4,Find Yello Directory,R7,Arabian Knights,"2B, Sheraton Mall, Christ Church",Christ Church,78523CMM+88,13.083312,-59.566688,Limited Service,Unhealthy,yes,,382,383,233,Christ Churc,206,99,107,Christ Churc,Limited Service,1,0
5,1,5,Find Yello Directory,R8,Asian Palm Restaurant,"Bayside Plaza, Bay Street, St. Michael",St. Michael,785239MR+3Q,13.082688,-59.608063,Limited Service,Unhealthy,yes,,126,126,148,St. Michael,158,76,82,St. Michael,Limited Service,1,0
6,1,6,Find Yello Directory,R9,Asian Spice Indian Restaurant,"Palm Avenue, Sunset Crest, St. James",St. James,785259H7+4R,13.177812,-59.635438,Full Service,Healthy,yes,,196,196,442,St. James,81,42,39,St. James,Full Service,0,0
7,1,7,Find Yello Directory,R10,Atlantis Hotel and Restaurant,"Tent Bay, Bathsheba, St. Joseph",St. Joseph,78526F6P+C8,13.211063,-59.514187,Full Service,Healthy,yes,,250,250,514,St. Joseph,360,182,178,St. Joseph,Full Service,0,0
8,1,8,Find Yello Directory,R13,Barbados Beach Club,"Maxwell Coast Road, Christ Church",Christ Church,78523C8R+9M,13.065938,-59.558312,Full Service,Healthy,yes,,375,376,225,Christ Churc,137,67,70,Christ Churc,Full Service,0,0
9,1,9,Find Yello Directory,R15,Bay Tavern,"Martin's Bay, New Castle, St. John",St. John,78525GW3+XW,13.197437,-59.495188,Full Service,Healthy,yes,,561,562,399,St. John,245,122,123,St. John,Full Service,0,0
10,1,10,Find Yello Directory,R16,Beck's Bar & Restaurant,"Wildey Main Road, Christ Church",Christ Church,78523CR9+36,13.090187,-59.581937,Limited Service,Unhealthy,yes,,347,348,194,Christ Churc,371,172,199,Christ Churc,Limited Service,1,0
11,1,11,Find Yello Directory,R17,Beijing Chinese Restaurant-Six Roads,Six Roads. St. Philip,St. Philip,78524G8H+W6,13.117313,-59.471937,Limited Service,Unhealthy,yes,,556,557,375,St. Philip,525,235,290,St. Philip,Limited Service,1,0
12,1,12,Find Yello Directory,R19,Blakey's Bar & Restaurant,"Hastings Main Road, Christ Church",Christ Church,78523CF3+J3,13.074063,-59.597313,Full Service,Healthy,yes,,337,338,184,Christ Churc,215,103,112,Christ Churc,Full Service,0,0
13,1,13,Find Yello Directory,R21,Bombas Beach Bar,"Mullins, St. Peter",St. Peter,785269M4+XX,13.234938,-59.642563,Limited Service,Unhealthy,yes,,276,276,545,St. Peter,206,93,113,St. Peter,Limited Service,1,0
14,1,14,Find Yello Directory,R24,Bubba's Sports Bar & Restaurant,"Highway 7, Christ Church",Christ Church,78523CG5+2M,13.075062,-59.590812,Full Service,Healthy,yes,,351,352,198,Christ Churc,320,146,174,Christ Churc,Full Service,0,0
15,1,15,Find Yello Directory,R26,Burger King-Sky Mall,"Haggatt Hall, St. Michael",St. Michael,78524C4C+H9,13.106438,-59.579062,Limited Service,Unhealthy,yes,,172,172,178,St. Michael,509,241,268,St. Michael,Limited Service,1,0
16,1,16,Find Yello Directory,R27,Burger King-Bridge street,"Bridge Street, Bridgetown, St, Michael",St. Michael,785239WP+MR,13.096687,-59.612938,Limited Service,Unhealthy,yes,,108,108,2,St. Michael,613,331,282,St. Michael,Limited Service,1,0
17,1,17,Find Yello Directory,R28,Burger King-Trident House,"Lower Broad Street, Bridgetown, St. Michael",St. Michael,785239XM+45,13.097812,-59.617063,Limited Service,Unhealthy,yes,,6,6,6,St. Michael,355,190,165,St. Michael,Limited Service,1,0
18,1,18,Find Yello Directory,R29,Burger King-Sheraton Mall,"Sargents Village, Christ Church",Christ Church,78523CMM+49,13.082812,-59.566563,Limited Service,Unhealthy,yes,,382,383,233,Christ Churc,206,99,107,Christ Churc,Limited Service,1,0
19,0,19,Find Yello Directory,R30,Burger King-Dome Mall,"Dome Mall, Warrens, St. Michael",St. Michael,785249RV+F3,13.141188,59.607312,Limited Service,Unhealthy,yes,,,,,,,,,,Limited Service,1,0
20,1,20,Find Yello Directory,R32,Buzo Osteria Italiana,"Hasting Main Road, Chirst Church",Christ Church,78523CF2+R9,13.074562,-59.599063,Full Service,Healthy,yes,,337,338,184,Christ Churc,215,103,112,Christ Churc,Full Service,0,0
21,1,21,Find Yello Directory,R33,Cafe Luna,"Enterprise Beach Road, Oistins, Christ Church",Christ Church,78523F56+QR,13.059437,-59.537937,Full Service,Healthy,yes,,419,420,284,Christ Churc,134,63,71,Christ Churc,Full Service,0,0
22,1,22,Find Yello Directory,R35,Cafe Sol Mexican Grill & Magarita Bar,"St. Lawrence Gap, Oistins, Christ Church",Chirst Church,78523C9F+HQ,13.068938,-59.575563,Full Service,Healthy,yes,,354,355,201,Christ Churc,182,88,94,Christ Churc,Full Service,0,0
23,1,23,Find Yello Directory,R37,Cariba Restaurant & Bar,"Highway 1, St. James",St. James,78525947+CC,13.156063,-59.636437,Full Service,Healthy,yes,,221,221,475,St. James,190,80,110,St. James,Full Service,0,0
24,1,24,Find Yello Directory,R39,Castaways Bar & Grill,"St. Lawrence Gap, Oistins, Christ Church",Christ Church,78523C9F+HM,13.068938,-59.575813,Full Service,Healthy,yes,,354,355,201,Christ Churc,182,88,94,Christ Churc,Full Service,0,0
25,1,25,Find Yello Directory,R40,Champers,"Skeetes Hill, Christ Church",Christ CHurch,78523CC7+V6,13.072188,-59.586938,Full Service,Healthy,yes,,351,352,198,Christ Churc,320,146,174,Christ Churc,Full Service,0,0
26,1,26,Find Yello Directory,R41,Chefette Restaurants Ltd- Harbour Road,"Harbour Road, Bridgetown, St. Michael",St. Michael,7852492G+78,13.100687,-59.624188,Limited Service,Unhealthy,yes,,10,10,12,St. Michael,527,274,253,St. Michael,Limited Service,1,0
27,1,27,Find Yello Directory,R42,Chefette Restaurants Ltd- Broad Street,"Broad Street, Bridgetown, St. Michael",St. Michael,785239WJ+XX,13.097437,-59.617562,Limited Service,Unhealthy,yes,,6,6,6,St. Michael,355,190,165,St. Michael,Limited Service,1,0
28,1,28,Find Yello Directory,R43,Chefette Restaurants Ltd- Black Rock,"Black Rock Main Road, St. Michael",St. Michael,7852498M+R7,13.117062,-59.616813,Limited Service,Unhealthy,yes,,75,75,97,St. Michael,299,137,162,St. Michael,Limited Service,1,0
29,1,29,Find Yello Directory,R44,Chefette Restaurants Ltd- Charles Rowe Bridge,"Charles Rowe Bridge, St. George",St. George,78524CHJ+J2,13.129062,-59.569938,Limited Service,Unhealthy,yes,,572,573,315,St. George,312,153,159,St. George,Limited Service,1,0
30,1,30,Find Yello Directory,R45,Chefette Restaurants Ltd- Airport,"Grantley Adams International Airport, Christ Church",Chirst Church,78523GJ6+3V,13.080188,-59.487813,Limited Service,Unhealthy,yes,,534,535,268,Christ Churc,256,122,134,Christ Churc,Limited Service,1,0
31,1,31,Find Yello Directory,R46,Chefette Restaurants Ltd- Lancaster,"Highway 2A, Lancaster, St. James",St. James,7852692M+6R,13.200563,-59.615437,Limited Service,Unhealthy,yes,,191,191,436,St. James,599,287,312,St. James,Limited Service,1,0
32,1,32,Find Yello Directory,R47,Chefette Restaurants Ltd- Marhill,"Marhill Street, Bridgetown, St. Michael",St. Michael,785239WP+WM,13.097313,-59.613312,Limited Service,Unhealthy,yes,,2,2,3,St. Michael,372,198,174,St. Michael,Limited Service,1,0
33,1,33,Find Yello Directory,R48,Chefette Restaurants Ltd- Oistins,"Oistins Main Road, Oistins, Christ Church",Chirst Church,78523F74+PF,13.064312,-59.543813,Limited Service,Unhealthy,yes,,379,380,229,Christ Churc,326,173,153,Christ Churc,Limited Service,1,0
34,1,34,Find Yello Directory,R49,Chefette Restaurants Ltd- Rockley,"Rockley Main Road, Christ Church",Chirst Church,78523CF6+QH,13.074438,-59.588563,Limited Service,Unhealthy,yes,,351,352,198,Christ Churc,320,146,174,Christ Churc,Limited Service,1,0
35,1,35,Find Yello Directory,R50,Chefette Restaurants Ltd- Barbadue Barn- Rockley,"Rockley Main Road, Christ Church",Chirst Church,78523CF6+QH,13.074438,-59.588563,Limited Service,Unhealthy,yes,,351,352,198,Christ Churc,320,146,174,Christ Churc,Limited Service,1,0
36,1,36,Find Yello Directory,R51,Chefette Restaurants Ltd-Six Roads,Six Roads. St. Philip,St. Philip,78524G8F+VH,13.117188,-59.476063,Limited Service,Unhealthy,yes,,556,557,375,St. Philip,525,235,290,St. Philip,Limited Service,1,0
37,1,37,Find Yello Directory,R52,Chefette Restaurants Ltd-Speightstown,"Speightstown, St. Peter",St. Peter,78527935+44,13.252813,-59.642187,Limited Service,Unhealthy,yes,,272,272,538,St. Peter,470,233,237,St. Peter,Limited Service,1,0
38,1,38,Find Yello Directory,R53,Chefette Restaurants Ltd-Heores Sq,"Heores Square, Broad Street, Bridgetown, St. Michael",St. Michael,785239WP+P3,13.096813,-59.614812,Limited Service,Unhealthy,yes,,6,6,6,St. Michael,355,190,165,St. Michael,Limited Service,1,0
39,1,39,Find Yello Directory,R54,Chefette Restaurants Ltd-Barbeque Barn-Warrens,"Gordon Cummins Highway, St. Michael",St. Michael,785249RR+W5,13.142312,-59.609562,Limited Service,Unhealthy,yes,,154,154,74,St. Michael,563,286,277,St. Michael,Limited Service,1,0
40,1,40,Find Yello Directory,R55,Chefette Restaurants Ltd-Warrens,"Gordon Cummins Highway, St. Michael",St. Michael,785249RR+W5,13.142312,-59.609562,Limited Service,Unhealthy,yes,,154,154,74,St. Michael,563,286,277,St. Michael,Limited Service,1,0
41,1,41,Find Yello Directory,R56,Chefette Restaurants Ltd-Welches,"The Walk, Welches Heights, St. Thomas",St. Thomas,7852593Q+MC,13.154187,-59.611438,Limited Service,Unhealthy,yes,,227,227,485,St. Thomas,361,178,183,St. Thomas,Limited Service,1,0
42,1,42,Find Yello Directory,R57,Chefette Restaurants Ltd-Wildley,"Wildey Main Road, Christ Church",St. Michael,78523CR7+HX,13.091437,-59.585062,Limited Service,Unhealthy,yes,,139,139,164,St. Michael,425,194,231,St. Michael,Limited Service,1,0
43,1,43,Find Yello Directory,R58,Chetamra's,Culloden Road,St. Michael,78523CP9+X7,13.087438,-59.581812,Full Service,Healthy,yes,,348,349,195,Christ Churc,695,320,375,Christ Churc,Full Service,0,0
44,1,44,Find Yello Directory,R59,Chicken Barn Ltd- Bay street,"Bay Street, Bridgetown, St. Michael",St. Michael,785239VP+QM,13.094437,-59.613312,Limited Service,Unhealthy,yes,,1,1,1,St. Michael,401,193,208,St. Michael,Limited Service,1,0
45,1,45,Find Yello Directory,R60,Chicken Barn Ltd- Worthing,"Worthing Main Road, Christ Church",Christ Church,78523CC9+CX,13.071063,-59.580063,Limited Service,Unhealthy,yes,,356,357,203,Christ Churc,310,138,172,Christ Churc,Limited Service,1,0
46,1,46,Find Yello Directory,R61,Chicken Barn Ltd- Warrens,"Dome Mall, Warrens, St. Michael",St. Michael,785249RV+96,13.140937,-59.606938,Limited Service,Unhealthy,yes,,154,154,74,St. Michael,563,286,277,St. Michael,Limited Service,1,0
47,1,47,Find Yello Directory,R62,Chicken Barn Ltd- Town Square Coverley,"Town Square Coverley, The Villages At Coverley, Charnocks, Christ Church",Chirst Church,78523FMX+V7,13.084688,-59.501812,Limited Service,Unhealthy,yes,,535,536,266,Christ Churc,407,200,207,Christ Churc,Limited Service,1,0
48,1,48,Find Yello Directory,R63,Chicken Barn Ltd- Wildey,"Wildey Plaza, Wildey Main Road, Wildey, St. Michael",St. Michael,78523CR9+7H,13.090687,-59.581063,Limited Service,Unhealthy,yes,,139,139,164,St. Michael,425,194,231,St. Michael,Limited Service,1,0
49,1,49,Find Yello Directory,R64,Chicken Barn Ltd- Black rock,"Highway 1, Prospect, St. Michael",St. Michael,785249M8+8V,13.133312,-59.632813,Limited Service,Unhealthy,yes,,199,199,474,St. James,340,158,182,St. James,Limited Service,1,0
50,1,50,Find Yello Directory,R66,Cliff Restaurant,"Derricks, Highway 1,  St. James",St. James,78525957+26,13.157563,-59.636938,Full Service,Healthy,yes,"Closed during covid-19 pandemic, but set to reopen july 2022",222,222,479,St. James,342,170,172,St. James,Full Service,0,0
51,1,51,Find Yello Directory,R67,Cocktail Kitchen,"St. Lawrence Gap, Oistins, Christ Church",Christ Church,78523C9F+6X,13.068062,-59.575063,Full Service,Healthy,yes,,354,355,201,Christ Churc,182,88,94,Christ Churc,Full Service,0,0
52,0,52,Find Yello Directory,R68,Copacabana Beach Club,"Bay Street, Bridgetown, St. Michael",St. Michael,785239RQ+PM,13.091812,-59.610813,Full Service,Healthy,yes,,,,,,,,,,Full Service,0,0
53,1,53,Find Yello Directory,R72,Crave Restaurant & Bar,"St. Lawrence Gap, Oistins, Christ Church",Christ Church,78523C9G+53,13.067937,-59.574813,Full Service,Healthy,yes,,354,355,201,Christ Churc,182,88,94,Christ Churc,Full Service,0,0
54,1,54,Google Maps,R73,Crystal Waters Beach Bar,"Sandy Beach, Worthing, Christ Church",Christ Church,78523C9C+R8,13.069562,-59.579188,Full Service,Healthy,yes,,354,355,201,Christ Churc,182,88,94,Christ Churc,Full Service,0,0
55,1,55,Find Yello Directory,R74,Cutters of Barbados,"Diamond Valley, Crane, St. Philip",St. Philip,78524H53+G5,13.108812,-59.447063,Full Service,Healthy,yes,,493,494,380,St. Philip,182,85,97,St. Philip,Full Service,0,0
56,1,56,Find Yello Directory,R77,De Office Cafe & Bar,"Broad Street, Bridgetown, St. Michael",St. Michael,785239WM+QX,13.096937,-59.615063,Full Service,Healthy,yes,,6,6,6,St. Michael,355,190,165,St. Michael,Full Service,0,0
57,1,57,Find Yello Directory,R81,D'onofrio's,"The Crane Resort, Crane, St. Philip",St. Philip,78524H43+6W,13.105562,-59.445188,Full Service,Healthy,yes,,492,493,379,St. Philip,144,71,73,St. Philip,Full Service,0,0
58,1,58,Find Yello Directory,R82,East Moon Chinese Cuisine & Bar,"Highway 1B, Little Battaleys, St. Peter",St. Peter,785269Q4+8M,13.238312,-59.643313,Limited Service,Unhealthy,yes,,580,581,546,St. Peter,339,153,186,St. Peter,Limited Service,1,0
59,1,59,Find Yello Directory,R86,Fairways Caf√© & Bar,"Crystal Waters, 1st Avenue Worthing, Christ Church",Christ Church,78523CC9+4W,13.070313,-59.580188,Limited Service,Unhealthy,yes,Renamed: Birdies Restaurant,354,355,201,Christ Churc,182,88,94,Christ Churc,Limited Service,1,0
60,1,60,Find Yello Directory,R87,Feasters MWG,"Halls Road, Bridgetown, St. Michael",St. Michael,785239XV+PG,13.099312,-59.606188,Limited Service,Unhealthy,yes,,102,102,124,St. Michael,518,267,251,St. Michael,Limited Service,1,0
61,1,61,Find Yello Directory,R88,Fish Pot Restaurant ,"Little Good Harbour, Hotel, Shermans, St. Lucy",St. Lucy,785279C3+GH,13.271313,-59.646062,Full Service,Healthy,yes,,287,287,560,St. Lucy,233,115,118,St. Lucy,Full Service,0,0
62,1,62,Find Yello Directory,R89,Flash-N-Bar Restaurant,"Pilgrim, Christ Church",Christ Church,78523FHR+GG,13.078812,-59.508688,Limited Service,Unhealthy,yes,,536,537,269,Christ Churc,389,184,205,Christ Churc,Limited Service,1,0
63,1,63,Find Yello Directory,R90,Flash Zone Bar & Variety,"Walmer Lodge, Black Rock, St. Michael",St. Michael,785249J8+HV,13.131438,-59.632813,Limited Service,Unhealthy,yes,,582,583,17,St. Michael,244,116,128,St. Michael,Limited Service,1,0
64,1,64,Google Maps,R91,Flavrgourmet,"The Oasis, Kendal Hill, Christ Church",Chirst Church,78523CHR+HV,13.078938,-59.557813,Limited Service,Unhealthy,yes,,363,364,213,Christ Churc,380,166,214,Christ Churc,Limited Service,1,0
65,1,65,Find Yello Directory,R92,Fresh Spot,"Sheraton Mall, Sargents Village, Chirst Church",Chirst Church,78523CMM+7C,13.083188,-59.566437,Limited Service,Unhealthy,yes,,382,383,233,Christ Churc,206,99,107,Christ Churc,Limited Service,1,0
66,1,66,Find Yello Directory,R93,Fusiliers Bar & Grill,"Fusilier Road, Gun Hill, St. George",St. George,78524CVV+82,13.143313,-59.557437,Limited Service,Unhealthy,yes,,455,456,325,St. George,691,329,362,St. George,Limited Service,1,0
67,1,67,Find Yello Directory,R94,Fusion Rooftop,"Limegrove Lifestyle Centre, Holetown, St. James",St. James,785259P7+JJ,13.186563,-59.635938,Full Service,Healthy,yes,,193,193,439,St. James,258,124,134,St. James,Full Service,0,0
68,1,68,Find Yello Directory,R95,Gloden China Restaurant,"Quayside Centre Shopping Plaza, Rockley Terrace, Christ Church",Chirst Church,78523CG6+37,13.075188,-59.589312,Limited Service,Unhealthy,yes,,351,352,198,Christ Churc,320,146,174,Christ Churc,Limited Service,1,0
69,1,69,Find Yello Directory,R96,Good Choice Chinese Restaurant,"Holetown, St. James",St. James,785259M8+62,13.183063,-59.634937,Limited Service,Unhealthy,yes,,195,195,441,St. James,174,83,91,St. James,Limited Service,1,0
70,1,70,Find Yello Directory,R97,Grannys,"Oistins Main Road, Oistins, Christ Church",Christ Church,78523F75+F7,13.063688,-59.541812,Limited Service,Unhealthy,yes,,423,424,290,Christ Churc,323,161,162,Christ Churc,Limited Service,1,0
71,1,71,Find Yello Directory,R99,Guang Dong Chinese Restaurant & Bar,"Worthing Main Road, Christ Church",Christ Church,78523CCC+3P,13.070187,-59.578187,Limited Service,Unhealthy,yes,,354,355,201,Christ Churc,182,88,94,Christ Churc,Limited Service,1,0
72,1,72,Find Yello Directory,R101,Happy Days Cafe,"Chattel House Village, St. Lawrence Gap, Christ Church",Chirst Church,78523C8J+XF,13.067438,-59.568812,Full Service,Healthy,yes,,354,355,201,Christ Churc,182,88,94,Christ Churc,Full Service,0,0
73,1,73,Find Yello Directory,R102,Happy Rooster Barbeque Grill,"Highway 2, Black Rock, St. Michael",St. Michael,7852498P+H7,13.116437,-59.614313,Limited Service,Unhealthy,yes,,75,75,97,St. Michael,299,137,162,St. Michael,Limited Service,1,0
74,1,74,Find Yello Directory,R103,Harlequin Restaurant,"St. Lawrence Gap, Oistins, Christ Church",Christ Church,78523C9G+2F,13.067563,-59.573813,Full Service,Healthy,yes,,354,355,201,Christ Churc,182,88,94,Christ Churc,Full Service,0,0
75,1,75,Find Yello Directory,R104,Ho Kwong Chinese Restaurant- Dome Mall,"Dome Mall, Warrens, St. Michael",St. Michael,785249RV+F3,13.141188,-59.607312,Limited Service,Unhealthy,yes,,154,154,74,St. Michael,563,286,277,St. Michael,Limited Service,1,0
76,1,76,Find Yello Directory,R107,Hoodees Sports Bar & Grill,Six Roads. St. Philip,St. Philip,78524G9C+2X,13.117563,-59.477563,Limited Service,Unhealthy,yes,,571,572,359,St. Philip,369,179,190,St. Philip,Limited Service,1,0
77,1,77,Find Yello Directory,R108,Hot Legendary Fish Cakes,"Holligan Road, Bank Hall, St. Michael",St. Michael,7852495Q+JH,13.109063,-59.611063,Limited Service,Unhealthy,yes,,90,90,112,St. Michael,390,194,196,St. Michael,Limited Service,1,0
78,1,78,Find Yello Directory,R109,Hugo's Barbados,"Sand Street, Speightstown, St. Peter",St. Peter,78527934+64,13.253063,-59.644688,Full Service,Healthy,yes,,272,272,538,St. Peter,470,233,237,St. Peter,Full Service,0,0
79,1,79,Find Yello Directory,R110,Ideal Restaurant,"2nd Floor, Bridgetown Duty Free, Bridgetown, St. Michael",St. Michael,785239WM+XW,13.097437,-59.615188,Full Service,Healthy,yes,,6,6,6,St. Michael,355,190,165,St. Michael,Full Service,0,0
80,1,80,Find Yello Directory,R111,Il Tempio Italian Restaurant,"Highway 1, Fitts Village, St. James",St. James,785249W6+9J,13.145938,-59.638438,Full Service,Healthy,yes,,329,330,478,St. James,170,84,86,St. James,Full Service,0,0
81,1,81,Find Yello Directory,R112,Indian Grill (Roti Shop),"Bay Street, Bridgetown, St. Micheal",St. Michael,785239MR+4R,13.082812,-59.607937,Limited Service,Unhealthy,yes,,126,126,148,St. Michael,158,76,82,St. Michael,Limited Service,1,0
82,1,82,Find Yello Directory,R113,Irie Kitchens Limited,"2nd Avenue, Dover, Christ Church",Christ Church,78523C8M+Q7,13.066937,-59.566813,Limited Service,Unhealthy,yes,,374,375,224,Christ Churc,237,111,126,Christ Churc,Limited Service,1,0
83,1,83,Find Yello Directory,R114,IV Play Deli,"Sheraton Mall, Sargents Village, Christ Church",Christ Church,78523CMM+49,13.082812,-59.566563,Limited Service,Unhealthy,yes,,382,383,233,Christ Churc,206,99,107,Christ Churc,Limited Service,1,0
84,1,84,Find Yello Directory,R115,Ixora Bar & Restaurant at Gloden Sands Hotel,"Golden Sands Hotel, Highway 7, Maxwell, Christ Church",Christ Church,78523C8X+P4,13.066813,-59.552188,Full Service,Healthy,yes,,378,379,228,Christ Churc,334,163,171,Christ Churc,Full Service,0,0
85,1,85,Find Yello Directory,R117,Jamaica 246,"Bay Street, Bridgetown, St. Micheal",St. Michael,785239MR+3Q,13.082688,-59.608063,Limited Service,Unhealthy,yes,,126,126,148,St. Michael,158,76,82,St. Michael,Limited Service,1,0
86,1,86,Find Yello Directory,R118,Ju Ju 's ,"Highway 1B, Mount Standfast, St. James",St. James,78526935+RX,13.204562,-59.640062,Full Service,Healthy,yes,,186,186,430,St. James,164,82,82,St. James,Full Service,0,0
87,1,87,Find Yello Directory,R119,Jumas Restaurant,"Alleynes Bay, Mount Standfast, St. James",St. James,78526946+82,13.205813,-59.639938,Full Service,Healthy,yes,,186,186,430,St. James,164,82,82,St. James,Full Service,0,0
88,1,88,Find Yello Directory,R120,Jus' Grillin'- Quayside,"Quayside Centre Shopping Plaza, Rockley, Christ Church",Christ Church,78523CG6+26,13.075062,-59.589438,Limited Service,Unhealthy,yes,,351,352,198,Christ Churc,320,146,174,Christ Churc,Limited Service,1,0
89,1,89,Find Yello Directory,R121,Jus' Grillin'- Holetown,"Highway 1, Holetown, St. James",St. James,785259M6+8M,13.183312,-59.638313,Limited Service,Unhealthy,yes,,195,195,441,St. James,174,83,91,St. James,Limited Service,1,0
90,1,90,Find Yello Directory,R123,KFC- Hastings,"Hastings Main Road, Christ Church",Christ Church,78523CF4+HF,13.073937,-59.593812,Limited Service,Unhealthy,yes,,339,340,186,Christ Churc,222,113,109,Christ Churc,Limited Service,1,0
91,1,91,Find Yello Directory,R124,KFC- Oistins,"Oistins Main Road, Christ Church",Christ Church,78523F75+C4,13.063562,-59.542188,Limited Service,Unhealthy,yes,,423,424,290,Christ Churc,323,161,162,Christ Churc,Limited Service,1,0
92,1,92,Find Yello Directory,R125,KFC-Speightstown,"Queen's Street, Speightstown, St. Peter",St. Peter,785269X4+MR,13.249187,-59.642938,Limited Service,Unhealthy,yes,,272,272,538,St. Peter,470,233,237,St. Peter,Limited Service,1,0
93,1,93,Find Yello Directory,R126,KFC- Blackrock,"Black Rock Main Road, St. Michael",St. Michael,785249GC+WQ,13.127313,-59.628062,Limited Service,Unhealthy,yes,,14,14,15,St. Michael,388,172,216,St. Michael,Limited Service,1,0
94,1,94,Find Yello Directory,R127,KFC-Warrens,"Gordon Cummins Highway, Warrens, St. Michael",St. Michael,785249RQ+MW,13.141687,-59.610187,Limited Service,Unhealthy,yes,,154,154,74,St. Michael,563,286,277,St. Michael,Limited Service,1,0
95,1,95,Find Yello Directory,R128,KFC- Collymore Rock,"Princess Royal Avenue, Upper Collymore Rock, St. Michael",St. Michael,78523CV5+93,13.093438,-59.592312,Limited Service,Unhealthy,yes,,132,132,155,St. Michael,526,235,291,St. Michael,Limited Service,1,0
96,1,96,Find Yello Directory,R131,Lancaster Great House,"Ronald Mapp Highway, St. James",St. James,7852693J+9J,13.203437,-59.618437,Full Service,Healthy,yes,,192,192,438,St. James,268,124,144,St. James,Full Service,0,0
97,1,97,Find Yello Directory,R132,La Salsa Restaurant and Bar,"Sugar Cane Club Hotel, 2nd Avenue, Sunset Heights, St. Peter",St. Peter,78527977+CP,13.263562,-59.635688,Full Service,Healthy,yes,,269,269,534,St. Peter,251,125,126,St. Peter,Full Service,0,0
98,1,98,Find Yello Directory,R133,L'azure Restaurant,"Crane Resort, Cane, St. Philip",St. Philip,78524H43+7W,13.105688,-59.445188,Full Service,Healthy,yes,,492,493,379,St. Philip,144,71,73,St. Philip,Full Service,0,0
99,1,99,Find Yello Directory,R134,Lemongrass Express,"Worthing Main Road, Christ Church",Christ Church,78523CC8+MV,13.071687,-59.582813,Limited Service,Unhealthy,yes,,352,353,199,Christ Churc,75,32,43,Christ Churc,Limited Service,1,0
100,1,100,Find Yello Directory,R135,Lemongrass Noodle Bar & Grill,"Limegrove Lifestyle Centre, Holetown, St. James",St. James,785259P7+WM,13.187313,-59.635813,Full Service,Healthy,yes,,193,193,439,St. James,258,124,134,St. James,Full Service,0,0
101,0,101,Find Yello Directory,R136,Lexie Bar,"Oistins Main Road, Chirst Church",Christ Church,78523F74+CP,13.063562,-59.543188,Limited Service,Unhealthy,yes,,,,,,,,,,Limited Service,1,0
102,1,102,Find Yello Directory,R139,Lobster Alive & Limited,"Bay Street, Bridgetown, St. Michael",St. Michael,785239VQ+27,13.092562,-59.611812,Full Service,Healthy,yes,,1,1,1,St. Michael,401,193,208,St. Michael,Full Service,0,0
103,1,103,Find Yello Directory,R140,Lone Start Restaurant & Hotel,"Highway 1B, Mount Standfast, St. James ",St. James,78526946+42,13.205312,-59.639938,Full Service,Healthy,yes,,186,186,430,St. James,164,82,82,St. James,Full Service,0,0
104,1,104,Find Yello Directory,R141,Low Tide Cafe,"Bay Street, Bridgetown, St. Michael",St. Michael,785239RR+78,13.090687,-59.609188,Limited Service,Unhealthy,yes,,109,109,131,St. Michael,478,232,246,St. Michael,Limited Service,1,0
105,1,105,Find Yello Directory,R143,Lucky Horseshoe Saloon & Steakhouse-Worthing,"Worthing Main Road, Christ Church",Christ Church,78523CC9+CW,13.071063,-59.580188,Full Service,Healthy,yes,,356,357,203,Christ Churc,310,138,172,Christ Churc,Full Service,0,0
106,1,106,Find Yello Directory,R144,Lucky Horseshoe Saloon & Steakhouse-Warrens,"Gordon Cummins Highway, Warrens, St. Michael",St. Michael,785249RR+RF,13.142062,-59.608812,Full Service,Healthy,yes,,154,154,74,St. Michael,563,286,277,St. Michael,Full Service,0,0
107,1,107,Find Yello Directory,R145,Lucky Horseshoe Saloon & Steakhouse-Bagatelle,"Bagatelle, St. Thomas",St. Thomas,7852597P+WC,13.164813,-59.613937,Full Service,Healthy,yes,,315,316,487,St. Thomas,333,157,176,St. Thomas,Full Service,0,0
108,1,108,Find Yello Directory,R146,Lucky Horseshoe Saloon & Steakhouse-Bridgetown,"City Centre Mall, Bridgetown, St. Michael",St. Michael,785239XJ+9Q,13.098437,-59.618063,Full Service,Healthy,yes,,6,6,6,St. Michael,355,190,165,St. Michael,Full Service,0,0
109,1,109,Find Yello Directory,R147,MMM- I Like I like,"Swan Street, Bridgetown, St. Michael",St. Michael,785239XM+8P,13.098313,-59.615687,Limited Service,Unhealthy,yes,,6,6,6,St. Michael,355,190,165,St. Michael,Limited Service,1,0
110,1,110,Find Yello Directory,R149,Mews Restaurant,"2nd Street, Holetown, St. James",St. James,785259P7+Q7,13.186937,-59.636813,Full Service,Healthy,yes,,195,195,441,St. James,174,83,91,St. James,Full Service,0,0
111,1,111,Google Maps,R150,Mojo's Grill,"Worthing Main Road, Christ Church",Christ Church,78523CC8+Q7,13.071938,-59.584312,Full Service,Healthy,yes,,352,353,199,Christ Churc,75,32,43,Christ Churc,Full Service,0,0
112,1,112,Find Yello Directory,R151,Muscovado Bar & Restaurant,"Hotel PomMarine, Hastings, Christ Church",Christ Church,78523CG3+G8,13.076313,-59.596688,Full Service,Healthy,yes,,337,338,184,Christ Churc,215,103,112,Christ Churc,Full Service,0,0
113,1,113,Find Yello Directory,R152,Mustor's Harbour Bar & Restaurant,"Mc. Gregor St, Bridgetown, St. Michael",St. Michael,785239WM+V8,13.097188,-59.616688,Full Service,Healthy,yes,,6,6,6,St. Michael,355,190,165,St. Michael,Full Service,0,0
114,1,114,Find Yello Directory,R153,Naniki Barbados,"Suriname, St. Joseph",St. Joseph,78525FX3+M2,13.199188,-59.547438,Full Service,Healthy,yes,,248,248,511,St. Joseph,530,282,248,St. Joseph,Full Service,0,0
115,1,115,Find Yello Directory,R154,Naru Restaurant & Lounge,"Hastings Main Road, Christ Church",Christ Church,78523CF4+GX,13.073812,-59.592562,Full Service,Healthy,yes,,339,340,186,Christ Churc,222,113,109,Christ Churc,Full Service,0,0
116,1,116,Find Yello Directory,R155,New Century Chinese Restaurant,"Top Rock Roundabout, Christ Church",Christ Church,78523C9J+R7,13.069562,-59.569312,Limited Service,Unhealthy,yes,,355,356,202,Christ Churc,481,221,260,Christ Churc,Limited Service,1,0
117,1,117,Find Yello Directory,R156,New China Gardens,"Maxwell Main Road, Chirst Church",Christ Church,78523C8W+P9,13.066813,-59.554063,Limited Service,Unhealthy,yes,,378,379,228,Christ Churc,334,163,171,Christ Churc,Limited Service,1,0
118,1,118,Find Yello Directory,R157,On The Bay,"Yellow Bird Hotel, Oistins, Christ Church",Christ Church,78523C9F+FR,13.068687,-59.575437,Full Service,Healthy,yes,,354,355,201,Christ Churc,182,88,94,Christ Churc,Full Service,0,0
119,1,119,Find Yello Directory,R158,Open Kitchen Inc,"1 Millhouse Complex, Canewood, St. Thomas",St. Thomas,78524CW4+VP,13.147188,-59.593187,Full Service,Healthy,yes,,60,60,80,St. Michael,369,190,179,St. Michael,Full Service,0,0
120,1,120,Find Yello Directory,R160,Pacifika Kitchen,"Accra Hotel and Spa, Rockley, Christ Church",Chirst Church,78523CF6+P3,13.074312,-59.589813,Full Service,Healthy,yes,,351,352,198,Christ Churc,320,146,174,Christ Churc,Full Service,0,0
121,1,121,Google Maps,R161,Paradise Pizza,"Highway 7, Christ Church",Christ Church,78523C9H+PF,13.069313,-59.571313,Limited Service,Unhealthy,yes,,354,355,201,Christ Churc,182,88,94,Christ Churc,Limited Service,1,0
122,1,122,Find Yello Directory,R162,Paradise Peak,"Pine Road, Bridgetown, St. Michael",St. Michael,785239WX+2G,13.095063,-59.601188,Limited Service,Unhealthy,yes,,104,104,126,St. Michael,263,122,141,St. Michael,Limited Service,1,0
123,1,123,Find Yello Directory,R165,Pepenero,"Limegrove Lifestyle Centre, Holetown, St. James",St. James,785259P7+JJ,13.186563,-59.635938,Full Service,Healthy,yes,,193,193,439,St. James,258,124,134,St. James,Full Service,0,0
124,1,124,Find Yello Directory,R166,Pink Star Enterpises Ltd,"Baxters Road, Bridgetown, St. Michael",St. Michael,7852493M+J3,13.104062,-59.617313,Limited Service,Unhealthy,yes,,4,4,5,St. Michael,266,141,125,St. Michael,Limited Service,1,0
125,1,125,Find Yello Directory,R167,Pita Pan Grill,"Worthing Main Road, Christ Church",Christ Church,78523CCC+96,13.070937,-59.579438,Limited Service,Unhealthy,yes,,356,357,203,Christ Churc,310,138,172,Christ Churc,Limited Service,1,0
126,1,126,Find Yello Directory,R168,Pizza-Man-Doc,"Sheraton Mall, Sargeant Village, Christ Church",Christ Church,78523CMM+49,13.082812,-59.566563,Limited Service,Unhealthy,yes,,382,383,233,Christ Churc,206,99,107,Christ Churc,Limited Service,1,0
127,1,127,Find Yello Directory,R171,Primo Bar & Bistro,"St. Lawrence Gap, Christ Church",Christ Church,78523C9F+6V,13.068062,-59.575312,Full Service,Healthy,yes,,354,355,201,Christ Churc,182,88,94,Christ Churc,Full Service,0,0
128,1,128,Google Maps,R172,Pure Ocean,"St. Lawrence Gap, Christ Church",Christ Church,78523C8H+QG,13.066937,-59.571188,Full Service,Healthy,yes,,354,355,201,Christ Churc,182,88,94,Christ Churc,Full Service,0,0
129,1,129,Find Yello Directory,R174,Rascals Barbados,"Spring Garden Highway, St. Michael",St. Michael,7852498F+H2,13.116437,-59.627437,Full Service,Healthy,yes,,171,171,23,St. Michael,343,168,175,St. Michael,Full Service,0,0
130,1,130,Find Yello Directory,R175,Rastafari Health Trade Culture Circle,"Tweedside Road, Bridgetown, St. Michael",St. Michael,7852493W+27,13.102562,-59.604312,Limited Service,Unhealthy,yes,,100,100,122,St. Michael,518,246,272,St. Michael,Limited Service,1,0
131,1,131,Google maps,R176,Red Dragon Chinese Restaurant,"112 Roebuck Street, Bridgetown, St. Michael",St. Michael,7852492Q+67,13.100563,-59.611812,Limited Service,Unhealthy,yes,,2,2,3,St. Michael,372,198,174,St. Michael,Limited Service,1,0
132,1,132,Google maps,R179,Rolli's Bar & Grill,"Princess Alice Highway, Bridgetown, St. Michael",St. Michael,785239XG+4V,13.097812,-59.622813,Limited Service,Unhealthy,yes,,11,11,8,St. Michael,664,356,308,St. Michael,Limited Service,1,0
133,1,133,Google maps,R182,Royal Chinese Restaurant,"Six Roads, St. Philip",St. Philip,78524G8G+XF,13.117437,-59.473813,Limited Service,Unhealthy,yes,,556,557,375,St. Philip,525,235,290,St. Philip,Limited Service,1,0
134,1,134,Google maps,R185,Sand Dunes Bar & Restaurant,"Ermy Bourne Highway, Windy Hill, St. Andrew",St. Andrew,78526CWQ+HF,13.246437,-59.561312,Full Service,Healthy,yes,,257,257,522,St. Andrew,498,251,247,St. Andrew,Full Service,0,0
135,1,135,Google maps,R186,Sandpiper (The),"The Sandpiper Resort, Holetown, St. James",St. James,785259Q6+CW,13.188562,-59.637687,Full Service,Healthy,yes,,324,325,437,St. James,186,81,105,St. James,Full Service,0,0
136,1,136,Google maps,R187,Satjay Bridgetown Centre Ltd,"Victoria Street, Bridgetown, St. Michael",St. Michael,785239XM+5V,13.097938,-59.615313,Limited Service,Unhealthy,yes,,6,6,6,St. Michael,355,190,165,St. Michael,Limited Service,1,0
137,1,137,Google maps,R191,Seacat Restaurant,"Harlcynth House, Highway 1, Holetown",St. James,785259V6+5J,13.192937,-59.638438,Full Service,Healthy,yes,,324,325,437,St. James,186,81,105,St. James,Full Service,0,0
138,1,138,Google maps,R193,Senses Marche,"11th Avenue, Belleville",St. Michael,7852492X+2H,13.100062,-59.601063,Limited Service,Unhealthy,yes,,104,104,126,St. Michael,263,122,141,St. Michael,Limited Service,1,0
139,1,139,Google maps,R194,Shaker's Bar & Grill,Browns Gap,Christ Church,78523CG5+W9,13.077312,-59.591563,Limited Service,Unhealthy,yes,,340,341,187,Christ Churc,314,147,167,Christ Churc,Limited Service,1,0
140,1,140,Google maps,R195,Shipwreck Lounge Bar & Restaurant,"Church Street Gardens Road, Speightstown",St. Peter,78527935+5G,13.252937,-59.641188,Full Service,Healthy,yes,,311,312,544,St. Peter,504,226,278,St. Peter,Full Service,0,0
141,1,141,Google maps,R196,Siam Restaurant,Maxwell Coast Road,Christ Church,78523C8R+67,13.065563,-59.559313,Full Service,Healthy,yes,Deia Beach opened at this location in 2022,375,376,225,Christ Churc,137,67,70,Christ Churc,Full Service,0,0
142,1,142,Google maps,R197,Sitar Indian Restaurant,"2nd Street, Holetown",St. James,785259P7+R55,13.187012,-59.637016,Full Service,Healthy,yes,,195,195,441,St. James,174,83,91,St. James,Full Service,0,0
143,1,143,Google maps,R198,Snappers Grill & Restaurant,"Oistins Main Road, Oistins",Christ Church,78523F74+CVR,13.063612,-59.542859,Limited Service,Unhealthy,yes,,419,420,284,Christ Churc,134,63,71,Christ Churc,Limited Service,1,0
144,1,144,Google maps,R202,Subway- Lantern Mall,"Lantern's Mall, Hastings",Christ Church,78523CF4+V9W,13.074738,-59.594047,Limited Service,Unhealthy,yes,,339,340,186,Christ Churc,222,113,109,Christ Churc,Limited Service,1,0
145,1,145,Google maps,R203,Subway-Sheraton Mall,Sheraton Mall,Christ Church,78523CMM+49,13.082812,-59.566563,Limited Service,Unhealthy,yes,,382,383,233,Christ Churc,206,99,107,Christ Churc,Limited Service,1,0
146,1,146,Google maps,R204,Subway-The Walk,"The Walk, Welches",St. Thomas,7852594Q+2F,13.155062,-59.611313,Limited Service,Unhealthy,yes,,227,227,485,St. Thomas,361,178,183,St. Thomas,Limited Service,1,0
147,1,147,Google maps,R205,Subway-Trident House,"Trident House, Bridgetown",St. Michael,785239XM+634,13.098012,-59.617297,Limited Service,Unhealthy,yes,,6,6,6,St. Michael,355,190,165,St. Michael,Limited Service,1,0
148,1,148,Google maps,R206,Super Q Restaurant,"Cheapside Road, Bridgetown",St. Michael,785239XG+VX,13.099687,-59.622563,Limited Service,Unhealthy,yes,,11,11,8,St. Michael,664,356,308,St. Michael,Limited Service,1,0
149,1,149,Google maps,R207,Surfers Cafe,"Highway 7, Oistins",Christ Church,78523F73+RC,13.064563,-59.546437,Full Service,Healthy,yes,,375,376,225,Christ Churc,137,67,70,Christ Churc,Full Service,0,0
150,1,150,Google maps,R208,Surfside Restaurant & Bar,"Highway 1, Holetown",St. James,785259P6+7M,13.185688,-59.638313,Full Service,Healthy,yes,,195,195,441,St. James,174,83,91,St. James,Full Service,0,0
151,1,151,Google maps,R209,T N T Barbeque  Hut,Gordon Cummings Highway,St. Michael,785249M9+39,13.132687,-59.631563,Limited Service,Unhealthy,yes,,582,583,17,St. Michael,244,116,128,St. Michael,Limited Service,1,0
152,1,152,Google maps,R210,Tamarind of the Island Inc,"Sky Mall, Haggatt Hall ",St. Michael,78524C4C+8C,13.105812,-59.578937,Limited Service,Unhealthy,yes,,172,172,178,St. Michael,509,241,268,St. Michael,Limited Service,1,0
153,1,153,Google maps,R211,Tapas,Hastings main Road,Christ Church,78523CF4+G5,13.073812,-59.594562,Full Service,Healthy,yes,,339,340,186,Christ Churc,222,113,109,Christ Churc,Full Service,0,0
154,1,154,Google maps,R212,The Beach House / Paul Owen's Resturant,"Highway 1, Holetown",St. James,785259M6+7C,13.183187,-59.638938,Full Service,Healthy,yes,,195,195,441,St. James,174,83,91,St. James,Full Service,0,0
155,1,155,Google maps,R213,The Cliff Beach Club,Durants,St. James,78525957+26,13.157563,-59.636938,Full Service,Healthy,yes,,222,222,479,St. James,342,170,172,St. James,Full Service,0,0
156,1,156,Google maps,R214,The Club Barbados Resort & Spa - Sunset Restaurant,"Highway 1, Holetown",St. James,785259G6+WG,13.177312,-59.638688,Full Service,Healthy,yes,,197,197,443,St. James,126,66,60,St. James,Full Service,0,0
157,1,157,Google maps,R216,The Coffee Bean,"Gardenia Ave, Holetown",St. James,785259H6+8X,13.178313,-59.637563,Limited Service,Unhealthy,yes,,196,196,442,St. James,81,42,39,St. James,Limited Service,1,0
158,1,158,Google maps,R219,The Golden Apple Cafe,"1st Avenue, Hastings",Christ Church,78523CG3+C8R,13.076113,-59.596734,Full Service,Healthy,no,,337,338,184,Christ Churc,215,103,112,Christ Churc,Full Service,0,0
159,1,159,Google maps,R220,The Restaurant At the Animal Flower Cave,"Animal Flower Cave, North Point",St. Lucy,785289MP+RP,13.334563,-59.613187,Full Service,Healthy,yes,,298,298,572,St. Lucy,353,155,198,St. Lucy,Full Service,0,0
160,1,160,Google maps,R221,The Roti House,Farm Road,St. Michael,7852498H+J4,13.116563,-59.622187,Limited Service,Unhealthy,yes,The Roti Shop may be the correct name.,19,19,22,St. Michael,395,203,192,St. Michael,Limited Service,1,0
161,1,161,Google maps,R222,Rum Stop,"Limegrove Lifestyle Center, Holetown",St. James,785259P7+MJ,13.186687,-59.635938,Full Service,Healthy,yes,,193,193,439,St. James,258,124,134,St. James,Full Service,0,0
162,1,162,Google maps,R223,The Sultan Restaurant,Sheraton Mall,Christ Church,78523CMM+8CF,13.083312,-59.566453,Limited Service,Unhealthy,yes,,382,383,233,Christ Churc,206,99,107,Christ Churc,Limited Service,1,0
163,1,163,Google maps,R224,The Village Bar,Wakefield Tenantry,St. John,78525F9F+W9,13.169812,-59.526563,Limited Service,Unhealthy,yes,,514,515,408,St. John,398,193,205,St. John,Limited Service,1,0
164,1,164,Google maps,R225,The Tides Restaurant,"Balmore House, Holetown",St. James,785259M6+GFP,13.183837,-59.638797,Full Service,Healthy,yes,,195,195,441,St. James,174,83,91,St. James,Full Service,0,0
165,1,165,Google maps,R229,Wild East Wok,"Sky Mall, Haggat Hall",St. Michael,78524C4C+8C9,13.105787,-59.578891,Limited Service,Unhealthy,yes,,172,172,178,St. Michael,509,241,268,St. Michael,Limited Service,1,0
166,1,166,Google maps,R230,Wing Kwong Restaurant,Black Rock Main Road,St. Michael,785249HC+2HG,13.127562,-59.628547,Limited Service,Unhealthy,yes,,14,14,15,St. Michael,388,172,216,St. Michael,Limited Service,1,0
167,1,167,Google maps,R234,Zaccios Restaurant Bar & Grill,"Highway 1, Holetown",St. James,785259M6+XJ,13.184938,-59.638438,Full Service,Healthy,yes,,195,195,441,St. James,174,83,91,St. James,Full Service,0,0
168,1,168,Google maps,R235,Zen Restaurant,"Diamond Valley, The Crane",St. Philip,78524H44+C3,13.106063,-59.444813,Full Service,Healthy,yes,,492,493,379,St. Philip,144,71,73,St. Philip,Full Service,0,0
169,1,169,Google maps,R236,Fisherman's Pub,"Queen's Street, Speightstown",St. Peter,78527924+3F,13.250187,-59.643812,Full Service,Healthy,yes,,272,272,538,St. Peter,470,233,237,St. Peter,Full Service,0,0
170,1,170,Google maps,R237,Spago's,"First Street, Holetown",St. James,785259P7+M6C,13.186687,-59.636984,Full Service,Healthy,yes,,195,195,441,St. James,174,83,91,St. James,Full Service,0,0
171,1,171,Google maps,R238,The Bean and Bagel,Hibiscus Avenue,St. James,785259J6+WVR,13.182362,-59.637859,Limited Service,Unhealthy,no,,195,195,441,St. James,174,83,91,St. James,Limited Service,1,0
172,1,172,Google maps,R240,BabyDoll Restaurant,Hastings Main Road,Christ Church,78523CF4+G8,13.073812,-59.594188,Full Service,Healthy,yes,,339,340,186,Christ Churc,222,113,109,Christ Churc,Full Service,0,0
173,1,173,Google maps,R243,Yelluh Meat,Black Rock,St. Michael,7852498M+J3,13.116563,-59.617313,Limited Service,Unhealthy,yes,,27,27,33,St. Michael,392,215,177,St. Michael,Limited Service,1,0
174,1,174,Google maps,R244,Victoria Coffee Shop,"#2, 9th Avenue, Belleville",St. Michael,785239XX+HG,13.098937,-59.601188,Full Service,Healthy,yes,,104,104,126,St. Michael,263,122,141,St. Michael,Full Service,0,0
175,1,175,Google maps,R245,Dina's Bar,"Hill Crest, Bathsheba",St. Joseph,78526F6J+RG,13.212063,-59.518687,Limited Service,Unhealthy,yes,,250,250,514,St. Joseph,360,182,178,St. Joseph,Limited Service,1,0
176,1,176,Google maps,R246,De Garage Bar & Grill,Bathsheba,St. Joseph,78526F6P+4P,13.210313,-59.513188,Limited Service,Unhealthy,yes,,250,250,514,St. Joseph,360,182,178,St. Joseph,Limited Service,1,0
177,1,177,Google maps,R247,Wrong Turn,Eastmont,St. John,78525FGV+PP,13.176813,-59.505688,Limited Service,Unhealthy,yes,,517,518,411,St. John,564,274,290,St. John,Limited Service,1,0
178,1,178,Google maps,R250,In the Mix Bar & Grill,"Forster Lodge, The Glebe",St. George,78524CJH+9G,13.130937,-59.571188,Limited Service,Unhealthy,yes,,451,452,321,St. George,700,376,324,St. George,Limited Service,1,0
179,1,179,Google maps,R251,Jac's Pizza Bar and Restaurant,"Joe's Corner, Checker Hall",St. Lucy,785279M4+7F,13.283188,-59.643812,Limited Service,Unhealthy,yes,,291,291,564,St. Lucy,317,150,167,St. Lucy,Limited Service,1,0
180,1,180,Google maps,R252,Catch-22,Salmond Cul de Sac,St. Lucy,785289G8+M4,13.326688,-59.634687,Full Service,Healthy,yes,,296,296,569,St. Lucy,494,261,233,St. Lucy,Full Service,0,0
181,1,181,Google maps,R253,Dave's Bar and Grill,Walkes Spring,St. Thomas,78525CJH+3C,13.180187,-59.571438,Limited Service,Unhealthy,yes,,243,243,506,St. Thomas,398,190,208,St. Thomas,Limited Service,1,0
182,1,182,Google maps,R256,Scotland View Bar,Indian Ground,St. Andrew,78527C23+Q4,13.251938,-59.597188,Full Service,Healthy,yes,,266,266,531,St. Andrew,322,167,155,St. Andrew,Full Service,0,0
183,1,183,Google maps,R257,Sonia's Sports Bar and Grille,Dunscombe,St. Thomas,78526C33+W2,13.204812,-59.597437,Limited Service,Unhealthy,yes,,234,234,494,St. Thomas,482,234,248,St. Thomas,Limited Service,1,0
184,1,184,Google maps,R258,Dis Ole House Kitchen and Garden,"Belair Road, Long Bay",St. Philip,78524HG8+3G,13.125187,-59.433688,Full Service,Healthy,yes,,501,502,391,St. Philip,598,289,309,St. Philip,Full Service,0,0
185,1,185,Google maps,R259,De Roti Shop,"Welches Road, Oistins",Christ Church,78523C8W+HJ,13.066437,-59.553438,Limited Service,Unhealthy,yes,,378,379,228,Christ Churc,334,163,171,Christ Churc,Limited Service,1,0
186,1,186,Google maps,R260,Cottage Bar and Grill,"Orange Cottage, Horse Hill, St. Joseph",St. Joseph,78525FW4+RH,13.197062,-59.543563,Full Service,Healthy,yes,,248,248,511,St. Joseph,530,282,248,St. Joseph,Full Service,0,0
187,1,187,Google maps,M001,4A's Super Mart,"Evelyn Ave.Bayville, Bridgetown, Barbados",St. Michael,785239QV+7P,13.088188,-59.605688,Mini mart/Convience store,Unhealthy,,,111,111,133,St. Michael,506,249,257,St. Michael,Mini mart/Convience store,1,0
188,1,188,Find Yello Barbados Directory (Online),M002,Barbarees Mini Mart,Barbarees Hill,St. Michael,7852495M+HF,13.108937,-59.616312,Mini mart/Convience store,Unhealthy,,,63,63,85,St. Michael,256,118,138,St. Michael,Mini mart/Convience store,1,0
189,1,189,Find Yello Barbados Directory (Online),M003,Benson's Mini Mart,"Lot 29, Thorpes Terrace, BB23007, Barbados",St. James,852592G+X4,13.152438,-59.624688,Mini mart/Convience store,Unhealthy,,,214,214,465,St. James,557,265,292,St. James,Mini mart/Convience store,1,0
190,1,190,Directory Barbados (Online),M004,C S Mini Mart,"ParadeRoad, Reece Road, Bridgetown, Barbados",St. Michael,7852498V+64,13.115562,-59.607188,Mini mart/Convience store,Unhealthy,,,43,43,54,St. Michael,378,169,209,St. Michael,Mini mart/Convience store,1,0
191,1,191,Find Yello Barbados Directory (Online),M005,Mia Mart Limited,"Culloden Road, St. Michael",St. Michael,785249PV+QC,13.136938,-59.606437,Mini mart/Convience store,Unhealthy,,,56,56,75,St. Michael,522,257,265,St. Michael,Mini mart/Convience store,1,0
192,1,192,Directory Barbados (Online),M006,Cherry Grove General Store,"Cheery Grove, Moores",St. John,78525F8J+WX,13.167312,-59.517563,Mini mart/Convience store,Unhealthy,,,516,517,410,St. John,470,215,255,St. John,Mini mart/Convience store,1,0
193,1,193,Google maps,M007,Choice Mini Mart,St. Michael,St. Michael,78523CP3+6Q,13.085562,-59.595562,Mini mart/Convience store,Unhealthy,,,343,344,190,Christ Churc,430,206,224,Christ Churc,Mini mart/Convience store,1,0
194,1,194,Directory Barbados (Online),M009,Ellerton Mart (Fair Deals Inc),"saint, Ellerton, Barbados",St. George,78524FH6+92,13.128438,-59.539938,Mini mart/Convience store,Unhealthy,,,433,434,300,St. George,475,229,246,St. George,Mini mart/Convience store,1,0
195,1,195,Directory Barbados (Online),M010,Fair Deals Inc,"Highway 6, Packers, Barbados",Christ Church,78523GX2+82,13.098313,-59.499938,Mini mart/Convience store,Unhealthy,,,403,404,263,Christ Churc,526,241,285,Christ Churc,Mini mart/Convience store,1,0
196,1,196,Google maps,M011,Fruit and Vegetable Stall- mixed local and imported produce,"Highway 6, Wildey",Christ Church,78523CPF+QF,13.086937,-59.576313,Mini mart/Convience store,Healthy,,,380,381,230,Christ Churc,298,140,158,Christ Churc,Mini mart/Convience store,1,0
197,1,197,Find Yello Barbados Directory (Online),M012,Gap Convenience Store,"St. Lawrence Gap, Oistins, Christ Church",Christ Church,78523C8G+XV,13.067438,-59.572813,Mini mart/Convience store,Unhealthy,,,354,355,201,Christ Churc,182,88,94,Christ Churc,Mini mart/Convience store,1,0
198,1,198,Google maps,M013,Gman Variety,"Deighton Rd, Bridgetown, Barbados",Christ Church,78523CM2+6G,13.083063,-59.598688,Mini mart/Convience store,Unhealthy,,,341,342,188,Christ Churc,513,243,270,Christ Churc,Mini mart/Convience store,1,0
199,1,199,Google maps,M014,G Mart Enterprise,"Bank Hall Cross Rd, Bridgetown, Barbados",St. Michael,7852495R+HP,13.108937,-59.608187,Mini mart/Convience store,Unhealthy,,,82,82,104,St. Michael,401,184,217,St. Michael,Mini mart/Convience store,1,0
200,1,200,Google maps,M015,Grosvenor Mini Mart,"Cave Hill, Barbados",St. Michael,785249MH+MR,13.134187,-59.620438,Mini mart/Convience store,Unhealthy,,,156,156,59,St. Michael,355,162,193,St. Michael,Mini mart/Convience store,1,0
201,1,201,Google maps,M016,Jadabrothers shop,"Deacons Road, Bridgetown, Barbados",St. Michael,7852498G+9R,13.115937,-59.622938,Mini mart/Convience store,Unhealthy,,,19,19,22,St. Michael,395,203,192,St. Michael,Mini mart/Convience store,1,0
202,1,202,Find Yello Barbados Directory (Online),M017,J's Stop 'N'  Shop,"Massiah Street, St. Joseph ",St. Joseph,78525G78+9H,13.163438,-59.483563,Mini mart/Convience store,Unhealthy,,,519,520,413,St. John,296,158,138,St. John,Mini mart/Convience store,1,0
203,1,203,Find Yello Barbados Directory (Online),M018,J's Variety Store,"654 Kingsland, Oistins, Christ Church (WRONG ADDRESS)",St. Michael,785249HG+99,13.128438,-59.624063,mini mart/Convience store,Unhealthy,,,17,17,20,St. Michael,340,196,144,St. Michael,Mini mart/Convience store,1,0
204,1,204,Find Yello Barbados Directory (Online),M019,K G's Mini Mart,2 Kingsland Gardens Oistins Christ Church ,Christ Church,78523FH4+GW,13.078812,-59.542687,Mini mart/Convience store,Unhealthy,,,390,391,243,Christ Churc,334,151,183,Christ Churc,Mini mart/Convience store,1,0
205,1,205,Find Yello Barbados Directory (Online),M020,Kirton's Bar and Grocery,Kendal St. John,St. John,78524FRX+VF,13.142188,-59.501312,Mini mart/Convience store,Unhealthy,,,518,519,412,St. John,524,253,271,St. John,Mini mart/Convience store,1,0
206,1,206,Google maps,M021,Mahabir's Agencies,"King St, Bridgetown, Barbados",St. Michael,7852493M+FP,13.103687,-59.615688,Mini mart/Convience store,Unhealthy,,,3,3,4,St. Michael,354,171,183,St. Michael,Mini mart/Convience store,1,0
207,1,207,Find Yello Barbados Directory (Online),M022,Marshall's Mini-Mart and Bar,"Four Roads, st. Philip, Barbados",St. Philip,78524G6H+C4,13.111063,-59.472188,Mini mart/Convience store,Unhealthy,,,489,490,376,St. Philip,523,268,255,St. Philip,Mini mart/Convience store,1,0
208,1,208,Find Yello Barbados Directory (Online),M023,Mia Mart Ltd,"Green Hill, Barbados",St. Michael,785249PV+QC,13.136937,-59.606437,Mini mart/Convience store,Unhealthy,,,56,56,75,St. Michael,522,257,265,St. Michael,Mini mart/Convience store,1,0
209,1,209,Directory Barbados (Online),M024,Mike's Minimart,"Chancery Lane, Barbados",Christ Church,78523F5R+V3,13.059687,-59.509812,Mini mart/Convience store,Unhealthy,,,418,419,283,Christ Churc,365,170,195,Christ Churc,Mini mart/Convience store,1,0
210,1,210,Directory Barbados (Online),M025,Moontown (St Elmo's) Restaurant & Supermarket,"Sherman Hall Moon Fort, Clinketts, Barbados",St. Lucy,785279G3+M5,13.276688,-59.647063,Supermarket,Healthy,,,288,288,561,St. Lucy,312,167,145,St. Lucy,Supermarket,0,1
211,1,211,Find Yello Barbados Directory (Online),M027,Natasha's Variety,"Black Rock, Bridgetown, Barbados",St. Michael,7852496M+6M,13.110563,-59.615813,Mini mart/Convience store,Unhealthy,,,63,63,85,St. Michael,256,118,138,St. Michael,Mini mart/Convience store,1,0
212,1,212,Find Yello Barbados Directory (Online),M028,Newbury Mini-Mart,"Newbury, St. George",St. George,8524CWW+XP,13.147438,-59.553187,Mini mart/Convience store,Unhealthy,,,449,450,319,St. George,463,237,226,St. George,Mini mart/Convience store,1,0
213,1,213,Find Yello Barbados Directory (Online),M029,Redman's Village Mart,"Redman's Village, St. Thomas",St. Thomas,7852595Q+M6,13.159187,-59.611937,Mini mart/Convience store,Unhealthy,,,229,229,488,St. Thomas,366,177,189,St. Thomas,Mini mart/Convience store,1,0
214,1,214,Find Yello Barbados Directory (Online),M030,Smith's Bar and Mini Mart,"Niles Corner, Ealing Grove, Barbados",Christ Church,78523F5M+3J,13.057687,-59.515938,Mini mart/Convience store,Unhealthy,,,414,415,278,Christ Churc,535,247,288,Christ Churc,Mini mart/Convience store,1,0
215,1,215,Google maps,M031,Sookram Mini Mart,"Rollins Rd, Barbados",Christ Church,78523F2J+P6,13.051812,-59.519437,Mini mart/Convience store,Unhealthy,,,411,412,275,Christ Churc,380,178,202,Christ Churc,Mini mart/Convience store,1,0
216,1,216,Find Yello Barbados Directory (Online),M032,Star Mart,"Trents, St. Lucy",St. Lucy,7852892F+33,13.300187,-59.627313,Mini mart/Convience store,Unhealthy,,,300,300,575,St. Lucy,502,239,263,St. Lucy,Mini mart/Convience store,1,0
217,1,217,Find Yello Barbados Directory (Online),M033,Sunshine Variety ,"Diamond Corner, St. Peter",St. Peter,785279HX+VW,13.279687,-59.600188,Mini mart/Convience store,Unhealthy,,,282,282,555,St. Peter,316,167,149,St. Peter,Mini mart/Convience store,1,0
218,1,218,Google maps,M035,The Gourmet Shop,"#5 Chattel Village, Highway 1, BB24045, Holetown, Barbados",St. James,785259M6+HV,13.183937,-59.637812,Grocery store,Healthy,,,195,195,441,St. James,174,83,91,St. James,Grocery store,0,1
219,1,219,Google maps,M036,TodaMart Inc,"Drax Hall Jump, , Barbados",St. George,78524FPM+Q5,13.136937,-59.517062,Mini mart/Convience store,Unhealthy,,,437,438,304,St. George,670,328,342,St. George,Mini mart/Convience store,1,0
220,1,220,Company Website,M038,Massy Stores Express,"Highway 5, Six Cross Roads, Barbados",St. Philip,78524G9F+62,13.118062,-59.477438,Supermarket,Healthy,,,478,479,360,St. Philip,492,227,265,St. Philip,Supermarket,0,1
221,1,221,Directory Barbados (Online),S001,A1 Supermarkets,"Black Rock, St. Michael, Bridgetown, Barbados",St. Michael,785249FG+F7,13.123687,-59.624313,Supermarket,Healthy,,,12,12,13,St. Michael,190,95,95,St. Michael,Supermarket,0,1
222,1,222,Directory Barbados (Online),S002,A1 Supermarkets,"Six Cross Roads, BB18055, Barbados",St. Philip,78524G8F+MV,13.116687,-59.475313,Supermarket,Healthy,,,556,557,375,St. Philip,525,235,290,St. Philip,Supermarket,0,1
223,1,223,Find Yello Barbados Directory (Online),S004,Belleplaine Supermarket and Snackette,"Ermy Bourne Hwy, Belleplaine, St. Andrew, Barbados",St. Andrew,78526CWP+JF,13.246562,-59.563813,Supermarket,Healthy,,,257,257,522,St. Andrew,498,251,247,St. Andrew,Supermarket,0,1
224,1,224,Find Yello Barbados Directory (Online),S005,Bridge Supermarket,"Charles Rowe Bridge, St George, Barbados",St. George,78524CHJ+X3,13.129938,-59.569813,Supermarket,Healthy,,,451,452,321,St. George,700,376,324,St. George,Supermarket,0,1
225,1,225,Directory Barbados (Online),S006,Channell Supermarket,"Black Rock Main Road, Bridgetown, Barbados",St. Michael,7852499H+GW,13.118813,-59.620188,Supermarket,Healthy,,,20,20,24,St. Michael,579,265,314,St. Michael,Supermarket,0,1
226,1,226,Directory Barbados (Online),S007,Channell Supermarket,"14 Upper Collymore Rock Rd, Bridgetown, Barbados",St. Michael,78523CV4+5Q,13.092937,-59.593063,Supermarket,Healthy,,,131,131,154,St. Michael,477,221,256,St. Michael,Supermarket,0,1
227,1,227,Google maps,S008,Cherish Supermarket,"9 Swan St, Bridgetown BB11034, Barbados",St. Michael,785239XM+8P,13.098313,-59.615687,Supermarket,Healthy,,,6,6,6,St. Michael,355,190,165,St. Michael,Supermarket,0,1
228,1,228,Find Yello Barbados Directory (Online),S009,Cleaver's Hill Supermarket Inc,Cleaver‚Äôs Hill St. Joseph,St. Joseph,78526F5C+XR,13.209938,-59.527938,Supermarket,Healthy,,,251,251,515,St. Joseph,480,229,251,St. Joseph,Supermarket,0,1
229,1,229,Find Yello Barbados Directory (Online),S010,Dover Market,"3rd Ave Dover, Oistins, Barbados",Christ Church,78523C8M+8P,13.065812,-59.565687,Supermarket,Healthy,,,374,375,224,Christ Churc,237,111,126,Christ Churc,Supermarket,0,1
230,1,230,Directory Barbados (Online),S011,Eddie's Trading Co Ltds,"Corner of Church Street & Queen Street, Speightstown, Barbados",St. Peter,78527924+8Q,13.250813,-59.643062,Supermarket,Healthy,,,272,272,538,St. Peter,470,233,237,St. Peter,Supermarket,0,1
231,1,231,Directory Barbados (Online),S012,Fair Deals Supermarket,"Crab Hill No.1 Rd, Crab Hill, Barbados",St. Lucy,78528996+JP,13.319063,-59.638188,Supermarket,Healthy,,,295,295,568,St. Lucy,106,47,59,St. Lucy,Supermarket,0,1
232,1,232,Find Yello Barbados Directory (Online),S013,GHH Supermarket,"Church Village, St. Philip",St. Philip,78524GQ5+5W,13.137937,-59.490188,Supermarket,Healthy,,,557,558,338,St. Philip,375,199,176,St. Philip,Supermarket,0,1
233,1,233,Find Yello Barbados Directory (Online),S014,Hill Lionel C Supermarket,"Roebuck St, Bridgetown, Barbados",St. Michael,7852492Q+JC,13.101563,-59.611438,Supermarket,Healthy,,,2,2,3,St. Michael,372,198,174,St. Michael,Supermarket,0,1
234,1,234,Find Yello Barbados Directory (Online),S015,Howard's Supermarket,"Bush Hall, St. Michael",St. Michael,7852498V+6J,13.115562,-59.605937,Supermarket,Healthy,,,85,85,107,St. Michael,468,217,251,St. Michael,Supermarket,0,1
235,1,235,Directory Barbados (Online),S016,Index Enterprises Ltd,"141 Roebuck St, Bridgetown, Barbados",St. Michael,785239XP+HG,13.098937,-59.613688,Supermarket,Healthy,,,2,2,3,St. Michael,372,198,174,St. Michael,Supermarket,0,1
236,1,236,Find Yello Barbados Directory (Online),S017,In-Transit Foods,"Parish Land Rd, Oistins, Barbados",Christ Church,78523FHP+23,13.077562,-59.514813,Supermarket,Healthy,,,542,543,261,Christ Churc,233,103,130,Christ Churc,Supermarket,0,1
237,1,237,Directory Barbados (Online),S018,Jordans Supermarket,"Fairchild Street Bus Terminal, Fairchild St, Bridgetown, Barbados",St. Michael,785239WQ+88,13.095812,-59.611688,Supermarket,Healthy,,,1,1,1,St. Michael,401,193,208,St. Michael,Supermarket,0,1
238,1,238,Directory Barbados (Online),S019,Jordans Supermarket,"Prospects Rd, Fitts Village, Barbados",St. James,785249W6+8V,13.145812,-59.637812,Supermarket,Healthy,,,329,330,478,St. James,170,84,86,St. James,Supermarket,0,1
239,1,239,Directory Barbados (Online),S020,Jordans Supermarket,"Baxters Rd, Bridgetown BB11026, Barbados",St. Michael,7852493J+4X,13.102812,-59.617563,Supermarket,Healthy,,,5,5,7,St. Michael,378,229,149,St. Michael,Supermarket,0,1
240,1,240,Directory Barbados (Online),S021,Jordans Supermarket,"Queen's St, Speightstown, Barbados",St. Peter,785269X4+2C,13.247563,-59.643938,Supermarket,Healthy,,,272,272,538,St. Peter,470,233,237,St. Peter,Supermarket,0,1
241,1,241,Find Yello Barbados Directory (Online),S023,Kelsi Ltd,"Highway 3, Jackmans, Barbados",St. Thomas,78524CJ4+5H,13.130437,-59.593563,Supermarket,Healthy,,,165,165,84,St. Michael,517,247,270,St. Michael,Supermarket,0,1
242,1,242,Find Yello Barbados Directory¬†(Hard Copy),S024,Mall Mart Supermarket and Cosmetique,"Dacostas Mall, Swan Street",St. Michael,785239XM+8G,13.098313,-59.616187,Supermarket,Healthy,,,6,6,6,St. Michael,355,190,165,St. Michael,Supermarket,0,1
243,1,243,Directory Barbados (Online),S025,Market Hill Supermarket,"Highway 3, Belair, Barbados",St. George,78525C3Q+WR,13.154813,-59.560438,Supermarket,Healthy,,,456,457,326,St. George,400,191,209,St. George,Supermarket,0,1
244,1,244,Directory Barbados (Online),S026,Massy Stores,"Sunset Blvd, Holetown, Barbados",St. James,785259P7+22,13.185063,-59.637438,Supermarket,Healthy,,,195,195,441,St. James,174,83,91,St. James,Supermarket,0,1
245,1,245,Directory Barbados (Online),S027,Massy Stores,"Sky Mall, Haggatt Hall, St. Michael, Barbados",St. Michael,78524C4C+H7,13.106437,-59.579313,Supermarket,Healthy,,,172,172,178,St. Michael,509,241,268,St. Michael,Supermarket,0,1
246,1,246,Directory Barbados (Online),S028,Massy Stores,"Rendezvous Hill, Worthing, Barbados",Christ Church,78523CF9+85,13.073312,-59.582062,Supermarket,Healthy,,,352,353,199,Christ Churc,75,32,43,Christ Churc,Supermarket,0,1
247,1,247,Directory Barbados (Online),S029,Massy Stores,"Welches No.1 cul-de-sac, Oistins, Barbados",Christ Church,78523F83+4M,13.065312,-59.545812,Supermarket,Healthy,,,379,380,229,Christ Churc,326,173,153,Christ Churc,Supermarket,0,1
248,1,248,Company Website,S030,Massy Stores,"870-877 Ackee Loop Rd, Charnocks, Barbados",Christ Church,78523FMX+R4,13.084562,-59.502188,Supermarket,Healthy,,,535,536,266,Christ Churc,407,200,207,Christ Churc,Supermarket,0,1
249,1,249,Directory Barbados (Online),S031,Massy Stores SuperCentre,"CGI Tower, Warrens, Barbados",St. Michael,785249RR+QF,13.141937,-59.608812,Supermarket,Healthy,,,154,154,74,St. Michael,563,286,277,St. Michael,Supermarket,0,1
250,1,250,Directory Barbados (Online),S032,Montrose Supermarket,"Kingsland/Gall Hill Rd, Oistins, Barbados",Christ Church,78523FF3+5V,13.072937,-59.545312,Supermarket,Healthy,,,373,374,223,Christ Churc,388,168,220,Christ Churc,Supermarket,0,1
251,1,251,Find Yello Barbados Directory (Online),S033,Mumus Supermarket,"Lammings, St. Joseph",St. Joseph,78526F26+67,13.200563,-59.539313,Supermarket,Healthy,,,575,576,516,St. Joseph,288,149,139,St. Joseph,Supermarket,0,1
252,1,252,Find Yello Barbados Directory (Online),S034,Out-of-Town Cash-N-Carry,Fairfield X Road Tudor Bridge St. Michael,St. Michael,7852499P+9F,13.118437,-59.613813,Supermarket,Healthy,,,77,77,99,St. Michael,382,182,200,St. Michael,Supermarket,0,1
253,1,253,Directory Barbados (Online),S035,Popular Discounts,"Spooners Hill, Bridgetown, Barbados",St. Michael,785249CQ+JJ,13.121562,-59.610938,Supermarket,Healthy,,,29,29,35,St. Michael,610,294,316,St. Michael,Supermarket,0,1
254,1,254,Directory Barbados (Online),S036,Popular Discounts,"Kendal Hill, Oistins, Barbados",Christ Church,78523CGR+XF,13.077438,-59.558812,Supermarket,Healthy,,,360,361,210,Christ Churc,637,319,318,Christ Churc,Supermarket,0,1
255,1,255,Directory Barbados (Online),S037,Popular Discounts - Store 1,"Spry St, Bridgetown BB11048, Barbados",St. Michael,785239XP+5P,13.097938,-59.613188,Supermarket,Healthy,,,2,2,3,St. Michael,372,198,174,St. Michael,Supermarket,0,1
256,1,256,Google maps,S038,Popular Discounts - Store 3,"Spry St, Bridgetown BB11048, Barbados",St. Michael,785239XP+2Q,13.097562,-59.613063,Supermarket,Healthy,,,2,2,3,St. Michael,372,198,174,St. Michael,Supermarket,0,1
257,1,257,Directory Barbados (Online),S039,Price Lo Supermarket,"Village Complex, Sargeant's Village,, Bridgetown, Barbados",Christ Church,78523CPG+9Q,13.085937,-59.573062,Supermarket,Healthy,,,539,540,206,Christ Churc,387,190,197,Christ Churc,Supermarket,0,1
258,1,258,Find Yello Barbados Directory (Online),S040,RTR Supermarket,"Mount Standfast, St. James",St. James,78526956+FC,13.208687,-59.638938,Supermarket,Healthy,,,326,327,426,St. James,264,132,132,St. James,Supermarket,0,1
259,1,259,Google maps,S042,Roxy Supermarket,"Eagle Hall Main Rd, Bridgetown, Barbados",St. Michael,7852497P+88,13.113312,-59.614188,Supermarket,Healthy,,,73,73,95,St. Michael,241,134,107,St. Michael,Supermarket,0,1
260,1,260,Directory Barbados (Online),S043,Savings Plus Supermarket,"St. Michael Row, Hardwood Alley, Bridgetown, Barbados",St. Michael,785239WP+JX,13.096562,-59.612563,Supermarket,Healthy,,,108,108,2,St. Michael,613,331,282,St. Michael,Supermarket,0,1
261,1,261,Directory Barbados (Online),S044,Savings Plus Supermarket,"Rock Dundo Park Cave Hill, Rock Dundo Park Rd, Barbados",St. Michael,785249MM+5R,13.132937,-59.615438,Supermarket,Healthy,,,156,156,59,St. Michael,355,162,193,St. Michael,Supermarket,0,1
262,1,262,Directory Barbados (Online),S045,Savings Plus Supermarket,"My Lord's Hill, Barbados",St. Michael,78524C53+8W,13.108312,-59.595187,Supermarket,Healthy,,,96,96,118,St. Michael,618,296,322,St. Michael,Supermarket,0,1
263,1,263,Directory Barbados (Online),S046,Savings Plus Supermarket,"Harbour View, Bridgetown, Barbados",St. Michael,785239XH+2G,13.097562,-59.621188,Supermarket,Healthy,,,11,11,8,St. Michael,664,356,308,St. Michael,Supermarket,0,1
264,1,264,Directory Barbados (Online),S047,Savings Plus Supermarket,"Swan Street, Bridgetown, Barbados",St. Michael,785239XP+82,13.098313,-59.614937,Supermarket,Healthy,,,6,6,6,St. Michael,355,190,165,St. Michael,Supermarket,0,1
265,1,265,Find Yello Barbados Directory (Online),S048,Sawh's Supermarket,"Tweedside Rd, Bridgetown, Barbados",St. Michael,7852493W+27,13.102562,-59.604313,Supermarket,Healthy,,,100,100,122,St. Michael,518,246,272,St. Michael,Supermarket,0,1
266,1,266,Directory Barbados (Online),S049,Shopsmart Inc,"Cheapside Minibus And ZR Terminal, Prescod Bottom, Bridgetown, Barbados",St. Michael,785239XH+G6,13.098812,-59.621938,Supermarket,Healthy,,,11,11,8,St. Michael,664,356,308,St. Michael,Supermarket,0,1
267,1,267,Directory Barbados (Online),S050,Shopsmart Inc,"Holders Terrace, Holders Hill, Holetown",St. James,7852596G+F6,13.161188,-59.624437,Supermarket,Healthy,,,217,217,471,St. James,344,153,191,St. James,Supermarket,0,1
268,1,268,Directory Barbados (Online),S051,Shopsmart Inc,"Johns Plain,Holetown, Barbados",St. James,7852596G+Q8,13.161938,-59.624188,Supermarket,Healthy,,,217,217,471,St. James,344,153,191,St. James,Supermarket,0,1
269,1,269,Directory Barbados (Online),S052,Shopsmart Inc Express,"Errol Barrow Hwy, Wildey, Barbados",St. Michael,78523CR9+7G,13.090688,-59.581187,Supermarket,Healthy,,,139,139,164,St. Michael,425,194,231,St. Michael,Supermarket,0,1
270,1,270,Directory Barbados (Online),S053,Shopsmart Inc Express,"Golf Club Rd, Worthing, Christ Church, Barbados",Christ Church,78523CF8+VG,13.074687,-59.583687,Supermarket,Healthy,,,352,353,199,Christ Churc,75,32,43,Christ Churc,Supermarket,0,1
271,1,271,Directory Barbados (Online),S054,Shopsmart Inc Express,"Highway 7,Oistins, Barbados",Christ Church,78523CC9+7X,13.070687,-59.580062,Supermarket,Healthy,,,354,355,201,Christ Churc,182,88,94,Christ Churc,Supermarket,0,1
272,1,272,Directory Barbados (Online),S055,Shopsmart Inc Express,"Highway 5, Six Cross Roads, Barbados",St. Philip,78524G9G+5C,13.117937,-59.473937,Supermarket,Healthy,,,479,480,361,St. Philip,352,169,183,St. Philip,Supermarket,0,1
273,1,273,Directory Barbados (Online),S056,Shopsmart Inc Express,"Brittons Cross Road, Bridgetown, Barbados",St. Michael,78523CP2+XW,13.087437,-59.597687,Supermarket,Healthy,,,145,145,172,St. Michael,611,314,297,St. Michael,Supermarket,0,1
274,1,274,Directory Barbados (Online),S057,Shopsmart Inc Express,"Church St, Speightstown, Barbados",St. Peter,78527925+F4,13.251188,-59.642188,Supermarket,Healthy,,,272,272,538,St. Peter,470,233,237,St. Peter,Supermarket,0,1
275,1,275,Directory Barbados (Online),S060,The People's Market,"Highway 2, Bridgetown, Barbados",St. Michael,7852498P+54,13.115437,-59.614688,Supermarket,Healthy,,,75,75,97,St. Michael,299,137,162,St. Michael,Supermarket,0,1
276,1,276,Directory Barbados (Online),S061,The People's Market,"62a Tudor St, Bridgetown, Barbados",St. Michael,7852492M+55,13.100437,-59.617063,Supermarket,Healthy,,,6,6,6,St. Michael,355,190,165,St. Michael,Supermarket,0,1
277,1,277,Directory Barbados (Online),S062,Trimart Supermarket,"Rendezvous Hill, Bridgetown, Barbados",Christ Church,78523CC9+H8,13.071437,-59.581688,Supermarket,Healthy,,,356,357,203,Christ Churc,310,138,172,Christ Churc,Supermarket,0,1
278,1,278,Directory Barbados (Online),S063,Trimart Supermarket,"French Village Mount Brevitor, Mile and A Quarter, Barbados",St. Peter,7852797G+JW,13.264062,-59.622687,Supermarket,Healthy,,,281,281,554,St. Peter,465,214,251,St. Peter,Supermarket,0,1
279,1,279,Directory Barbados (Online),S064,Trimart Supermarket,"St. Martins, Barbados",St. Philip,78523GVM+8H,13.093312,-59.466063,Supermarket,Healthy,,,546,547,371,St. Philip,532,253,279,St. Philip,Supermarket,0,1
280,1,280,Find Yello Barbados Directory (Hard Copy),S065,Two Guys Supermarket,"Welchman Hall, Barbados",St. Thomas,78525CPC+2C,13.185063,-59.578937,Supermarket,Healthy,,,244,244,507,St. Thomas,189,80,109,St. Thomas,Supermarket,0,1
281,1,281,Directory Barbados (Online),S066,Young's Supermarket,"Baxters Rd, Bridgetown",St. Michael,7852493J+CV,13.103562,-59.617812,Supermarket,Healthy,,,8,8,10,St. Michael,179,64,115,St. Michael,Supermarket,0,1
282,1,282,Find Yello Barbados Directory (Online),W001,C & R Distributors Inc,"Websters Industrial Park, Wildey, St. Michael",St. Michael,78523CW6+4F,13.095313,-59.588813,Wholesaler,Healthy,,,133,133,156,St. Michael,497,236,261,St. Michael,Wholesaler,0,0
283,1,283,Find Yello Barbados Directory (Online),W002,Cost U Less ,"C2 arthur Seat Road, Welches, St. Thomas",St. Thomas,7852593Q+W7,13.154813,-59.611812,Supermarket/ Wholesaler,Healthy,,,227,227,485,St. Thomas,361,178,183,St. Thomas,Supermarket/ Wholesaler,0,1
284,1,284,Directory Barbados (Online),W003,Hanschell Inniss Sales Centre,"Fontabelle Rd, Bridgetown, Barbados",St. Michael,7852493H+R7,13.104563,-59.621813,Wholesaler,Healthy,,,10,10,12,St. Michael,527,274,253,St. Michael,Wholesaler,0,0
285,1,285,Directory Barbados (Online),W004,J G's Wholesale,"George St, Bridgetown, Barbados",St. Michael,785239WW+FJ,13.096187,-59.603438,Wholesaler,Healthy,,,104,104,126,St. Michael,263,122,141,St. Michael,Wholesaler,0,0
286,1,286,Google maps,W005,PriceSmart,"Lodge Rd, Barbados",St. Michael,785249QR+RX,13.139562,-59.607563,Supermarket/ Wholesaler,Healthy,,,154,154,74,St. Michael,563,286,277,St. Michael,Supermarket/ Wholesaler,0,1
287,1,287,Google maps,W006,Solo Trading Inc,"Ashdeane Village Rd, Bridgetown, Barbados",St. Michael,785249CG+WR,13.122312,-59.622938,Supermarket/ Wholesaler,Healthy,,,173,173,25,St. Michael,429,218,211,St. Michael,Supermarket/ Wholesaler,0,1
288,1,288,Find Yello Barbados Directory (Online),S073,Buy Rite Discount Store,"Magazine lane, Bridgetown ",St. Michael,785239XP+P4,13.099312,-59.614688,TBD,Unhealthy,,,2,2,3,St. Michael,372,198,174,St. Michael,TBD,1,0
289,1,289,Google maps,S074,Caribbean Solutions limited,"Whitepark Rd, Bridgetown, Barbados",St. Michael,7852493P+FJ,13.103687,-59.613438,TBD,Unhealthy,,,2,2,3,St. Michael,372,198,174,St. Michael,TBD,1,0
290,1,290,Find Yello Barbados Directory (Hard Copy),S075,Carmeta's Retail Shop,"Fishing Harbour, Princess Alice Hwy, Bridgetown, Barbados",St. Michael,785239WJ+V3,13.097188,-59.619813,TBD,Unhealthy,,,11,11,8,St. Michael,664,356,308,St. Michael,TBD,1,0
291,1,291,Find Yello Barbados Directory (Online),S076,Choices Deli,"Spry St, Bridgetown ",St. Michael,785239XP+9M,13.098437,-59.613312,TBD,Unhealthy,,,2,2,3,St. Michael,372,198,174,St. Michael,TBD,1,0
292,1,292,Directory Barbados (Online),S077,Fair Deals Inc,"Dayrells Road, Barbados",Christ Church,78523CJ2+C5,13.081062,-59.599563,TBD,Unhealthy,,,122,122,144,St. Michael,392,184,208,St. Michael,TBD,1,0
293,1,293,Google maps,S078,Fresh Vitamins,"The Dome Mall, Warrens, Barbados",St. Michael,785249RV+G2,13.141312,-59.607438,Health Food Store,Healthy,,,154,154,74,St. Michael,563,286,277,St. Michael,Health Food Store,0,0
294,1,294,Google maps,S079,Fresh Vitamins,"Colonnade Mall, Broad Street, Bridgetown",St. Michael,785239XM+2G,13.097563,-59.616187,Health Food Store,Healthy,,,6,6,6,St. Michael,355,190,165,St. Michael,Health Food Store,0,0
295,1,295,Google maps,S080,Fresh Vitamins,,Christ Church,78523CMJ+7X,13.083188,-59.567563,Health Food Store,Healthy,,,382,383,233,Christ Churc,206,99,107,Christ Churc,Health Food Store,0,0
296,1,296,Google maps,S081,Fresh Vitamins,"Town Square Shopping Centre, Speightstown",St. Peter,785269X4+6J,13.248062,-59.643438,Health Food Store,Healthy,,,272,272,538,St. Peter,470,233,237,St. Peter,Health Food Store,0,0
297,1,297,Find Yello Barbados Directory (Online),M040,Price Right Mini Mart,"Corner 3rd Avenue, Harts Gap Oistins Christ Church",Christ Church,785239HX+G7,13.078812,-59.601813,Mini mart/Convience store,Unhealthy,,,336,337,183,Christ Churc,308,151,157,Christ Churc,Mini mart/Convience store,1,0
298,1,298,Google maps,M041,Rojays Bargain Mart,"Upper, Roebuck St, Bridgetown, Barbados",St. Michael,7852492Q+WR,13.102312,-59.610438,Mini mart/Convience store,Unhealthy,,,2,2,3,St. Michael,372,198,174,St. Michael,Mini mart/Convience store,1,0
299,1,299,Find Yello Barbados Directory (Online),S082,S & H Enterprises,"Rose Hill, Alleynedale Hall, Barbados",St. Peter,785279CF+X5,13.272437,-59.627063,TBD,Unhealthy,,,271,271,537,St. Peter,440,212,228,St. Peter,TBD,1,0
300,1,300,Find Yello Barbados Directory (Online),S083,Sam J's ,"Belmont Road, St. Michael",St. Michael,785239XW+V6,13.099687,-59.604438,TBD,Unhealthy,,,169,169,130,St. Michael,346,165,181,St. Michael,TBD,1,0
301,1,301,Find Yello Barbados Directory (Hard Copy),S084,Sawh Wesbury Enterprises,"Westbury Rd, Bridgetown, Barbados",St. Michael,7852494J+P2,13.106812,-59.619938,TBD,Unhealthy,,,63,63,85,St. Michael,256,118,138,St. Michael,TBD,1,0
302,1,302,Google maps,S069,One Boscobelle Complex,"Lot 1, Johnson Road, Boscobelle",St. Peter,78527CPC+V3,13.287187,-59.579813,Supermarket,Healthy,,,285,285,558,St. Peter,534,274,260,St. Peter,Supermarket,0,1
303,1,303,Google maps,S070,Fair Deals Inc Supermarket,Crab Hill ,St. Lucy,78528996+JP,13.319063,-59.638188,Supermarket,Healthy,,,295,295,568,St. Lucy,106,47,59,St. Lucy,Supermarket,0,1
304,1,304,Google maps,S071,Palm Mart,"Four Roads, St. John",St. John,78525FCH+28,13.170063,-59.521687,Mini mart/Convience store,Unhealthy,,,516,517,410,St. John,470,215,255,St. John,Mini mart/Convience store,1,0
305,1,305,Google maps,S072,Clifton Market,Worthing Main Road,Christ Church,78523CCC+67,13.070562,-59.579313,Supermarket,Healthy,,,354,355,201,Christ Churc,182,88,94,Christ Churc,Supermarket,0,1
306,1,306,Ground thruthing,M039,Angiees 7/ 11,"Drake's Land Corner of Union Road, Barbados",St. Philip,78524GGV+7H,13.125687,-59.456063,Mini mart/Convience store,Unhealthy,,,555,556,351,St. Philip,241,119,122,St. Philip,Mini mart/Convience store,1,0
